{
	"Difference" : 
	{
		"IPC_large_classify_num" : 0.78393530997304584,
		"IPC_sub_classify_num" : 0.84506738544474391,
		"PCT_apply" : 0.47169811320754718,
		"application_authorization_day_interval" : 0.78185085354896677,
		"application_open_day_interval" : 0.75990116801437546,
		"citation_cited_num" : 0.79255166217430362,
		"citation_cited_of_domestic_num" : 0.82493261455525602,
		"citation_cited_of_five_year" : 0.85377358490566035,
		"citation_cited_of_foreign_num" : 0.29716981132075471,
		"citation_num" : 0.84697214734950588,
		"citation_of_domestic_num" : 0.79245283018867929,
		"citation_of_foreign_num" : 0.45283018867924529,
		"classify_num" : 0.84887690925426773,
		"country_code" : 0.65094339622641506,
		"current_num_of_patent" : 0.39622641509433965,
		"five_four_countries_patent" : 0.31132075471698112,
		"image_num" : 0.84125786163522021,
		"instruction_num" : 0.86130278526504944,
		"kin_num" : 0.79716981132075471,
		"kin_of_country_num" : 0.77830188679245282,
		"non_patent_citation_num" : 0.56603773584905659,
		"num_of_application" : 0.27830188679245282,
		"num_of_invention" : 0.84697214734950588,
		"open_authorization_day_interval" : 0.83926325247079969,
		"patent_type" : 0.3175471698113207,
		"pledge" : 0.11792452830188679,
		"prority" : 0.72641509433962259,
		"renewal_of_patent_fees" : 0.28707097933513026,
		"review" : 0.024761904761904763,
		"right_num" : 0.84433962264150941,
		"survial_time" : 0.82874213836477983,
		"term_of_patent_protection" : 0.3175471698113207,
		"type_of_application" : 0.2184097035040431
	},
	"R_index" : 
	[
		{
			"IPC_large_classify_num | IPC_sub_classify_num" : 0.87904862788907734,
			"IPC_large_classify_num | kin_num" : 0.74319964876211753,
			"IPC_sub_classify_num | kin_num" : 0.72445048653496047,
			"PCT_apply | country_code" : 0.82547543126425149,
			"PCT_apply | five_four_countries_patent" : 0.79155377394663406,
			"application_authorization_day_interval | open_authorization_day_interval" : 0.97089697417704479,
			"application_authorization_day_interval | survial_time" : 0.95815385208109383,
			"application_open_day_interval | application_authorization_day_interval" : 0.92554234013722902,
			"application_open_day_interval | open_authorization_day_interval" : 0.92642336339221742,
			"application_open_day_interval | survial_time" : 0.88866549600174183,
			"citation_cited_num | citation_cited_of_domestic_num" : 0.9709236929063555,
			"citation_cited_num | citation_cited_of_five_year" : 0.98344270424314251,
			"citation_cited_num | citation_cited_of_foreign_num" : 0.80521057929591389,
			"citation_cited_of_domestic_num | citation_cited_of_five_year" : 0.96679389994989551,
			"citation_cited_of_domestic_num | citation_cited_of_foreign_num" : 0.71964158967393033,
			"citation_cited_of_foreign_num | citation_cited_of_five_year" : 0.81724080715900804,
			"citation_num | citation_of_domestic_num" : 0.98371345672402521,
			"citation_num | citation_of_foreign_num" : 0.90016752604276362,
			"citation_of_domestic_num | citation_of_foreign_num" : 0.92155108783740292,
			"classify_num | IPC_large_classify_num" : 0.85751245920372765,
			"classify_num | IPC_sub_classify_num" : 0.90874278341852188,
			"classify_num | kin_num" : 0.86982220957989664,
			"current_num_of_patent | type_of_application" : 0.15184629986053824,
			"five_four_countries_patent | country_code" : 0.65340819291742636,
			"image_num | citation_num" : 0.89610752468228316,
			"image_num | citation_of_domestic_num" : 0.89514128224531819,
			"image_num | citation_of_foreign_num" : 0.89865337433314008,
			"image_num | non_patent_citation_num" : 0.91609437480846234,
			"instruction_num | citation_num" : 0.88342667355008919,
			"instruction_num | citation_of_domestic_num" : 0.89880465126668441,
			"instruction_num | citation_of_foreign_num" : 0.95065959737226702,
			"instruction_num | image_num" : 0.97121401953062791,
			"instruction_num | non_patent_citation_num" : 0.94774209036796875,
			"kin_of_country_num | PCT_apply" : 0.8562807518900849,
			"kin_of_country_num | country_code" : 0.83461090164298368,
			"kin_of_country_num | five_four_countries_patent" : 0.85144092424161377,
			"non_patent_citation_num | citation_num" : 0.93335682925985142,
			"non_patent_citation_num | citation_of_domestic_num" : 0.95553401267461391,
			"non_patent_citation_num | citation_of_foreign_num" : 0.96476494867036766,
			"num_of_application | current_num_of_patent" : 0.86871387199981254,
			"num_of_application | type_of_application" : 0.12388755165497783,
			"num_of_invention | current_num_of_patent" : 0.78340827721697293,
			"num_of_invention | num_of_application" : 0.71554778328106605,
			"num_of_invention | type_of_application" : 0.42704898040605266,
			"open_authorization_day_interval | survial_time" : 0.94796879961896108,
			"patent_type | IPC_large_classify_num" : 0.38818664269871983,
			"patent_type | IPC_sub_classify_num" : 0.55613573041211795,
			"patent_type | classify_num" : 0.51369751986216783,
			"patent_type | kin_num" : 0.20899264807852719,
			"patent_type | term_of_patent_protection" : 1.0,
			"pledge | review" : 0.025109172515559639,
			"prority | pledge" : 0.36458930477414736,
			"prority | renewal_of_patent_fees" : 0.38989390180864336,
			"prority | review" : 0.068869745181128664,
			"prority | right_num" : 0.63111981938464323,
			"renewal_of_patent_fees | pledge" : 0.44221044344442284,
			"renewal_of_patent_fees | review" : 0.21836498819773842,
			"right_num | pledge" : 0.75126345711972631,
			"right_num | renewal_of_patent_fees" : 0.54862361069230758,
			"right_num | review" : 0.079432695023649774,
			"term_of_patent_protection | IPC_large_classify_num" : 0.38818664269871977,
			"term_of_patent_protection | IPC_sub_classify_num" : 0.55613573041211795,
			"term_of_patent_protection | classify_num" : 0.51369751986216783,
			"term_of_patent_protection | kin_num" : 0.20899264807852713
		}
	],
	"r_after_d_index" : 
	[
		"citation_of_foreign_num",
		"citation_cited_of_foreign_num",
		"patent_type",
		"IPC_large_classify_num",
		"five_four_countries_patent",
		"application_open_day_interval",
		"prority",
		"renewal_of_patent_fees",
		"pledge",
		"review",
		"num_of_application",
		"type_of_application"
	]
}