{
	"Difference" : 
	{
		"IPC_large_classify_num" : 0.80382775119617222,
		"IPC_sub_classify_num" : 0.93062200956937802,
		"PCT_apply" : 0.29411764705882354,
		"application_authorization_day_interval" : 0.96411483253588515,
		"application_open_day_interval" : 0.93779904306220097,
		"citation_num" : 0.96889952153110048,
		"citation_of_domestic_num" : 0.94117647058823528,
		"citation_of_foreign_num" : 0.96889952153110048,
		"classify_num" : 0.98086124401913877,
		"country_code" : 0.97846889952153115,
		"current_num_of_patent" : 0.79411764705882348,
		"five_four_countries_patent" : 0.23529411764705882,
		"image_num" : 1.0,
		"instruction_num" : 0.99760765550239239,
		"kin_num" : 0.99760765550239239,
		"kin_of_country_num" : 1.0,
		"non_patent_citation_num" : 0.95215311004784686,
		"num_of_application" : 0.82352941176470584,
		"num_of_invention" : 0.9856459330143541,
		"open_authorization_day_interval" : 0.99282296650717705,
		"patent_type" : 0.62918660287081341,
		"prority" : 0.9569377990430622,
		"right_num" : 0.99760765550239239,
		"survival_time" : 0.93779904306220097,
		"term_of_patent_protection" : 0.62918660287081341,
		"type_of_application" : 0.17464114832535882
	},
	"R_index" : 
	[
		{
			"IPC_large_classify_num | IPC_sub_classify_num" : 0.85857966414799869,
			"IPC_large_classify_num | kin_num" : 0.673894393521003,
			"IPC_sub_classify_num | kin_num" : 0.70322851155254074,
			"PCT_apply | country_code" : 0.46389136822676758,
			"PCT_apply | five_four_countries_patent" : 0.89241044166702699,
			"application_authorization_day_interval | open_authorization_day_interval" : 0.90771711747187556,
			"application_authorization_day_interval | survival_time" : 0.85759150029082765,
			"application_open_day_interval | application_authorization_day_interval" : 0.87055137275009731,
			"application_open_day_interval | open_authorization_day_interval" : 0.81092419166186702,
			"application_open_day_interval | survival_time" : 0.78311997723860649,
			"citation_num | citation_of_domestic_num" : 0.98462198706365445,
			"citation_num | citation_of_foreign_num" : 0.8891677493844995,
			"citation_of_domestic_num | citation_of_foreign_num" : 0.90997678387264391,
			"classify_num | IPC_large_classify_num" : 0.86874251243948353,
			"classify_num | IPC_sub_classify_num" : 0.91726008836596007,
			"classify_num | kin_num" : 0.8347995913592704,
			"current_num_of_patent | type_of_application" : 0.10424298299326397,
			"five_four_countries_patent | country_code" : 0.41398150080480839,
			"image_num | citation_num" : 0.71782642297533783,
			"image_num | citation_of_domestic_num" : 0.7310682291069055,
			"image_num | citation_of_foreign_num" : 0.83167949572867483,
			"image_num | non_patent_citation_num" : 0.80612033313043407,
			"instruction_num | citation_num" : 0.74098841903444945,
			"instruction_num | citation_of_domestic_num" : 0.76822131617403255,
			"instruction_num | citation_of_foreign_num" : 0.93037528462336561,
			"instruction_num | image_num" : 0.89016856432754399,
			"instruction_num | non_patent_citation_num" : 0.89652941897503291,
			"kin_of_country_num | PCT_apply" : 0.82740615645923155,
			"kin_of_country_num | country_code" : 0.80906544958141569,
			"kin_of_country_num | five_four_countries_patent" : 0.79548426283468343,
			"non_patent_citation_num | citation_num" : 0.89018804322204159,
			"non_patent_citation_num | citation_of_domestic_num" : 0.91272715316980213,
			"non_patent_citation_num | citation_of_foreign_num" : 0.96920172691729345,
			"num_of_application | current_num_of_patent" : 0.98082455450641748,
			"num_of_application | type_of_application" : 0.10628096790023883,
			"num_of_invention | current_num_of_patent" : 0.69645935013127247,
			"num_of_invention | num_of_application" : 0.70042107676737098,
			"num_of_invention | type_of_application" : 0.36011439734555845,
			"open_authorization_day_interval | survival_time" : 0.92532233010312059,
			"patent_type | IPC_large_classify_num" : 0.65289720508346571,
			"patent_type | IPC_sub_classify_num" : 0.79114023360641372,
			"patent_type | classify_num" : 0.68734208851133083,
			"patent_type | kin_num" : 0.29553635965175984,
			"patent_type | term_of_patent_protection" : 1.0,
			"prority | right_num" : 0.55186595532387195,
			"term_of_patent_protection | IPC_large_classify_num" : 0.65289720508346571,
			"term_of_patent_protection | IPC_sub_classify_num" : 0.79114023360641372,
			"term_of_patent_protection | classify_num" : 0.68734208851133083,
			"term_of_patent_protection | kin_num" : 0.29553635965175984
		}
	],
	"r_after_d_index" : 
	[
		"citation_of_domestic_num",
		"patent_type",
		"IPC_large_classify_num",
		"five_four_countries_patent",
		"country_code",
		"application_open_day_interval",
		"prority",
		"right_num",
		"current_num_of_patent",
		"type_of_application"
	]
}